{
  "name": "Biodiesel",
  "icon": "pneumaticcraft:biodiesel_bucket",
  "category": "pneumaticcraft:renewables",
  "advancement": "pneumaticcraft:ethanol",
  "pages": [
    {
      "type": "text",
      "text": "$(thing)Biodiesel/$ can be produced in a $(l:manufacturing/fluid_mixer)Fluid Mixer/$ with $(l:renewables/ethanol)Ethanol/$ and $(l:renewables/vegetable_oil)Vegetable Oil/$. It's just as good a fuel as regular $(thing)Diesel/$, but has the advantage of being renewably-produced.$(p)Biodiesel can also be used to make $(l:components/plastic)Plastic/$ and $(l:components/lubricant)Lubricant/$ in a $(thing)Thermopneumatic Processing Plant/$."
    },
    {
      "type": "spotlight",
      "item": "pneumaticcraft:biodiesel_bucket",
      "text": "Fuel from food? What's not to like?"
    }
  ]
}