{
  "name": "Vegetable Oil",
  "icon": "pneumaticcraft:vegetable_oil_bucket",
  "category": "pneumaticcraft:renewables",
  "advancement": "pneumaticcraft:tp_plant",
  "pages": [
    {
      "type": "text",
      "text": "$(thing)Vegetable Oil/$ can be produced in a $(l:manufacturing/thermopneumatic_processing_plant)Thermopneumatic Processing Plant/$ from various $(thing)seeds/$ and $(thing)crops/$. Seeds tend to be a better source of oil than grown crops. Vegetable Oil is required in the production of $(l:renewables/biodiesel)Biodiesel/$."
    },
    {
      "type": "pneumaticcraft:thermo_plant",
      "recipe": "pneumaticcraft:thermo_plant/vegetable_oil_from_seeds"
    },
    {
      "type": "pneumaticcraft:thermo_plant",
      "recipe": "pneumaticcraft:thermo_plant/vegetable_oil_from_crops"
    }
  ]
}