{
  "name": "Yeast Culture",
  "icon": "pneumaticcraft:yeast_culture_bucket",
  "category": "pneumaticcraft:renewables",
  "advancement": "pneumaticcraft:tp_plant",
  "pages": [
    {
      "type": "text",
      "text": "$(thing)Yeast Culture/$ is required for the production of $(l:renewables/ethanol)Ethanol/$ as well as $(l:renewables/sourdough)Sourdough/$ and can be produced in a couple of ways:"
    },
    {
      "type": "spotlight",
      "item": "minecraft:red_mushroom",
      "title": "Method 1",
      "text": "This will be the only method available to you initially. Fill a $(l:manufacturing/thermopneumatic_processing_plant)Thermopneumatic Processing Plant/$ with $(thing)Water/$, and add some mushrooms. This method is a little slow (and will require a good supply of mushrooms), but will easily produce an initial stock of Yeast Culture."
    },
    {
      "type": "text",
      "title": "Method 1 (cont.)",
      "text": "This process is temperature-sensitive: you will need to keep the Thermopneumatic Processing Plant's temperature between 30°C and 60°C. This is very easy in warmer biomes but may take a little effort in cooler areas - one thing to note is that the ambient temperature tend to rise as you dig deeper, so temperate biomes might be suitable if do your processing at a lower Y-level."
    },
    {
      "type": "pneumaticcraft:thermo_plant",
      "recipe": "pneumaticcraft:thermo_plant/yeast_culture"
    },
    {
      "type": "text",
      "flag": "!pneumaticcraft:inWorldYeastCrafting",
      "title": "Important Note",
      "text": "$(italic)In-world Yeast Crafting as described in the following pages has been disabled in this instance's configuration./$"
    },
    {
      "type": "text",
      "title": "Method 2",
      "text": "$(thing)Yeast Culture/$, being a living organism, is capable of replicating itself. To do this, pour a bucket of the culture into a pool in-world, and throw some $(thing)Sugar/$ into the pool.$(p)Now, pour a bucket of $(thing)Water/$ into a block space adjacent to the culture; you will see the water be converted into more culture after a second or two."
    },
    {
      "type": "text",
      "title": "Method 2 (cont.)",
      "text": "It's important to note that the culture will spread when water is placed, not when sugar is added.$(p)This method can be automated with a little thought and design, even early in the game (hint: $(l:machines/omnidirectional_hopper)Omnidirectional/$ and $(l:machines/liquid_hopper)Liquid/$ Hoppers with $(l:base_concepts/upgrades#dispenser)Dispenser Upgrades/$ may be very helpful)."
    }
  ]
}
