{
  "name": "External Program Widget",
  "icon": "pneumaticcraft:textures/progwidgets/external_program_piece.png",
  "category": "pneumaticcraft:widget_flow",
  "advancement": "pneumaticcraft:programmer",
  "pages": [
    {
      "type": "text",
      "text": "This widget will search for any inventory in the specified $(l:programming/area)Area/$. For every inventory, it will go through each slot. When a $(l:tools/drone)Drone/$ or $(l:components/network_components#network_api)Network API/$ is found, it will run the program stored on that item.$(p)When the program finishes, the $(item)Drone/$ will move onto the next slot and/or inventory."
    },
    {
      "type": "text",
      "text": "This widget can be used to debug $(item)Drone/$ programs, as $(l:programming/programmer)Programmers/$ also count as an inventory. Just program a $(item)Drone/$ with the $(thing)External Program/$ widget with an area of (only) the $(item)Programmer/$, and place it down.$(p)Now put a $(item)Drone/$ or $(item)Network API/$ in the programmer, and create your program. When you hit the $(thing)⟶ (export)/$ button in the $(item)Programmer/$, the deployed $(item)Drone/$ will immediately execute your program."
    },
    {
      "type": "image",
      "images": [
        "pneumaticcraft:textures/progwidgets/external_program_piece.png"
      ],
      "text": "$(italic)Programception/$"
    }
  ]
}