{
  "name": "Harvest Widget",
  "icon": "pneumaticcraft:textures/progwidgets/harvest_piece.png",
  "category": "pneumaticcraft:widget_interact",
  "advancement": "pneumaticcraft:programmer",
  "pages": [
    {
      "type": "text",
      "text": "The Drone will harvest any fully grown crop or tree within the specified $(l:programming/area)area/$. Items that are dropped from the crop blocks are $(italic)not/$ picked up; either add a separate $(l:programming/pickup_item)Pick Up Item/$ widget, or use some alternate means of collecting the items, such as a separate $(item)Drone/$.$(p)You can connect an optional $(l:programming/item_filter)Item Filter/$ to limit which crops will be harvested (use the crop's seed to filter)."
    },
    {
      "type": "text",
      "title": "Tools",
      "text": "You can make the $(item)Drone/$  $(l:programming/inventory_import)import/$ a $(item)Hoe/$. When equipped with a Hoe, crops will automatically be replanted (this uses durability from the Hoe).$(p)You can force the $(item)Drone/$ to $(italic)only/$ harvest when carrying a Hoe by checking the $(item)Requires Hoe/$ checkbox in the widget setup GUI; then, if/when the Hoe breaks, the drone can get another one before continuing to harvest."
    },
    {
      "type": "text",
      "title": "Limiting Blocks Harvested",
      "text": "The amount of harvest actions can be limited to a specified amount by $(thing)right-clicking/$ the $(thing)Harvest/$ widget.$(p)If set to 1 for example, the $(item)Drone/$ will only harvest one block each time the widget is executed, and move on to the next widget after harvesting that one block."
    },
    {
      "type": "image",
      "images": [
        "pneumaticcraft:textures/progwidgets/harvest_piece.png"
      ],
      "text": "$(italic)Get off my land/$"
    }
  ]
}