{
  "name": "Puzzle Pieces",
  "icon": "pneumaticcraft:textures/progwidgets/start_piece.png",
  "category": "pneumaticcraft:programming",
  "advancement": "pneumaticcraft:programmer",
  "pages": [
    {
      "type": "text",
      "text": "$(thing)Programming Puzzles/$, or $(thing)Puzzle Pieces/$, are the physical items used to program a $(l:tools/drone)Drone/$ with a $(l:programming/programmer)Programmer/$. They're used up when a Drone is programmed, but can be retrieved by overwriting the $(item)Drone/$ with a smaller (or empty) program.$(p)The virtual representations of $(thing)Puzzle Pieces/$ in the $(item)Programmer/$ GUI are referred to as $(thing)Programming Widgets/$."
    },
    {
      "type": "text",
      "text": "To write a program to a $(l:tools/drone)Drone/$, you must either have the $(thing)Puzzle Pieces/$ in your inventory, or place them in an inventory adjacent to the $(item)Programmer/$ (on any side).$(p)If you're in Creative Mode, then programming is completely free; no pieces required."
    },
    {
      "type": "crafting",
      "recipe": "pneumaticcraft:programming_puzzle"
    }
  ]
}