{
  "name": "Void Fluid Widget",
  "icon": "pneumaticcraft:textures/progwidgets/void_fluid_piece.png",
  "category": "pneumaticcraft:widget_interact",
  "advancement": "pneumaticcraft:programmer",
  "pages": [
    {
      "type": "text",
      "text": "Like the $(l:programming/void_item)Void Item widget/$, this will immediately and permanently destroy any fluid in the drone's tank - beware! It is very strongly recommended to use this in conjunction with an $(l:programming/liquid_filter)Liquid Filter/$. With a filter, only fluid allowed by the filter will be voided."
    },
    {
      "type": "image",
      "images": [
        "pneumaticcraft:textures/progwidgets/void_fluid_piece.png"
      ],
      "text": "$(italic)All dried up/$"
    }
  ]
}